STATE,ST_CASE,VE_TOTAL,VE_FORMS,PVH_INVL,PEDS,PERNOTMVIT,PERMVIT,PERSONS,COUNTY,CITY,DAY,MONTH,YEAR,DAY_WEEK,HOUR,MINUTE,NHS,RUR_URB,FUNC_SYS,RD_OWNER,ROUTE,TWAY_ID,TWAY_ID2,MILEPT,LATITUDE,LONGITUD,SP_JUR,HARM_EV,MAN_COLL,RELJCT1,RELJCT2,TYP_INT,WRK_ZONE,REL_ROAD,LGT_COND,WEATHER1,WEATHER2,WEATHER,SCH_BUS,RAIL,NOT_HOUR,NOT_MIN,ARR_HOUR,ARR_MIN,HOSP_HR,HOSP_MN,CF1,CF2,CF3,FATALS,DRUNK_DR
26,260703,1,1,0,1,1,1,1,125,0,16,10,2016,1,21,25,1,2,3,98,3,SR-1 WOODWARD AVE,SQUARE LAKE RD,0,42.60362222,-83.263986110000,0,8,0,0,3,3,0,1,2,1,0,1,0,0000000,21,28,21,35,88,88,0,0,0,1,0
26,260704,1,1,0,1,1,3,3,81,0,17,10,2016,2,5,36,1,2,3,98,4,CR-DIVISION AVE,,53,42.83668889,-85.663666670000,0,8,0,0,1,1,0,1,3,10,0,10,0,0000000,99,99,99,99,88,88,0,0,0,1,0
26,260705,1,1,0,1,1,1,1,163,2430,12,1,2016,3,22,57,1,2,3,98,2,US-12 MICHIGAN AVE,,134,42.29638611,-83.295619440000,0,8,0,0,1,1,0,1,2,1,0,1,0,0000000,99,99,99,99,99,99,0,0,0,1,0
26,260706,2,2,0,0,0,6,6,121,0,17,10,2016,2,15,19,0,1,4,98,3,SR-37 NEWAYGO RD,,37,43.25767500,-85.814483330000,0,12,2,0,1,1,0,1,1,1,0,1,0,0000000,15,19,15,32,99,99,0,0,0,1,0
26,260707,1,1,0,0,0,1,1,81,2010,24,7,2016,1,0,46,1,2,3,98,6,PLAINFIELD AVE NE,,2,42.98967500,-85.663875000000,0,43,0,0,1,1,0,1,3,10,0,10,0,0000000,99,99,99,99,88,88,99,99,99,1,1
26,260708,1,1,0,1,1,1,1,163,1260,15,7,2016,6,23,43,0,2,4,98,6,JOY AVE,,85,42.35800278,-83.205205560000,0,8,0,0,1,1,0,1,3,1,0,1,0,0000000,99,99,99,99,99,99,0,0,0,1,0
26,260709,1,1,0,1,1,1,1,145,1790,30,8,2016,3,6,15,0,1,5,98,6,S DEHMEL RD,,0,43.32231667,-83.758011110000,0,8,0,0,1,1,0,1,2,1,0,1,0,0000000,99,99,99,99,88,88,99,99,99,1,0
26,260710,1,1,0,1,1,1,1,163,1260,6,8,2016,7,1,30,0,2,4,98,6,MT ELLIOTT,,19,42.40590278,-83.043491670000,0,9,0,0,1,1,0,1,2,1,0,1,0,0000000,99,99,99,99,99,99,99,99,99,1,0
26,260711,3,2,1,0,0,2,2,125,4567,5,9,2016,2,15,22,0,2,4,98,6,LAHSER RD,10 MILE RD,20,42.47241389,-83.260766670000,0,12,6,0,2,2,0,1,1,1,0,1,0,0000000,99,99,99,99,99,99,0,0,0,1,0
26,260712,1,1,0,0,0,2,2,165,0,9,9,2016,6,2,23,0,1,7,98,4,CR-N 19 RD,,6,44.44652778,-85.647661110000,0,1,0,0,1,1,0,4,2,5,0,5,0,0000000,99,99,99,99,99,99,99,99,99,1,0
26,260713,2,2,0,0,0,2,2,5,2290,19,9,2016,2,11,15,0,2,5,98,6,E 40TH ST,LINCOLN AVE,58,42.76187500,-86.097069440000,0,12,6,0,2,2,0,1,1,1,0,1,0,0000000,11,13,11,17,99,99,99,99,99,1,0
26,260714,1,1,0,1,1,1,1,165,700,22,9,2016,5,15,13,0,2,4,98,6,W PINE ST,N MITCHELL ST,1,44.25209722,-85.400877780000,0,8,0,0,3,2,0,1,1,10,0,10,0,0000000,99,99,99,99,88,88,0,0,0,1,0
26,260715,2,2,0,0,0,2,2,99,4521,23,9,2016,6,15,59,1,2,2,98,3,SR-53,,93,42.67657778,-83.014872220000,0,12,2,0,1,1,0,1,1,10,0,10,0,0000000,16,21,16,25,99,99,0,0,0,1,0
26,260716,2,2,0,0,0,2,2,77,1084,27,9,2016,3,14,55,0,2,4,98,3,SR-43 GULL RD,GULL RUN DR,37,42.32644722,-85.515338890000,0,12,2,0,2,2,0,1,1,1,0,1,0,0000000,14,58,15,1,99,99,0,0,0,1,0
26,260717,2,2,0,0,0,2,2,115,0,18,10,2016,3,6,3,0,1,7,98,4,CR-STEWART RD,BALDWIN RD,33,41.98144722,-83.535319440000,0,12,6,0,2,2,0,1,2,1,0,1,0,0000000,6,7,6,18,99,99,22,0,0,1,0
26,260718,1,1,0,1,1,1,1,87,0,10,9,2016,7,1,54,1,1,3,98,3,SR-24 S LAPEER RD,,25,42.91915556,-83.312741670000,0,8,0,0,1,1,0,1,2,1,0,1,0,0000000,1,57,2,6,88,88,0,0,0,1,0
26,260719,2,2,0,0,0,2,2,47,0,18,10,2016,3,10,29,1,2,3,98,2,US-31,,41,45.39871944,-84.886552780000,0,12,2,0,1,1,0,1,1,10,0,10,0,0000000,10,29,10,34,99,99,0,0,0,1,0
26,260720,2,2,0,0,0,3,3,125,3641,30,9,2016,6,23,40,1,2,3,98,3,SR-102 W 8 MILE RD,COOLIDGE HWY,72,42.44548889,-83.181000000000,0,12,6,0,2,2,0,1,3,2,0,2,0,0000000,23,42,23,48,99,99,0,0,0,1,0
26,260721,1,1,0,0,0,1,1,31,0,1,10,2016,7,1,0,1,1,1,1,1,I-75,,6,45.20880278,-84.616536110000,0,1,0,0,1,1,0,4,2,10,0,10,0,0000000,7,58,8,15,88,88,0,0,0,1,0
26,260722,2,2,0,0,0,2,2,75,2500,17,10,2016,2,13,21,1,2,3,98,7,I-94 BL MICHIGAN AVE,ELM ST,9,42.25138611,-84.384355560000,0,12,6,0,2,2,0,1,1,1,0,1,0,0000000,13,21,13,23,99,99,0,0,0,1,0
26,260723,1,1,0,0,0,1,1,155,0,1,10,2016,7,5,13,0,1,4,98,4,CR-SILVER LAKE RD,,1,42.81713333,-83.930761110000,0,18,0,0,1,1,0,1,2,2,0,2,0,0000000,99,99,99,99,99,99,99,99,99,1,0
26,260724,1,1,0,1,1,2,2,125,2230,3,10,2016,2,23,4,0,2,4,98,6,JOHN R RD,,15,42.46903333,-83.104283330000,0,9,0,0,1,1,0,1,3,1,0,1,0,0000000,99,99,99,99,99,99,0,0,0,1,0
26,260725,1,1,0,0,0,1,1,17,0,20,10,2016,5,7,59,0,1,5,98,4,CR-WHEELER RD,,57,43.63923056,-84.052911110000,0,11,0,0,1,1,0,1,4,10,0,10,0,0000000,99,99,8,16,88,88,22,0,0,1,0
26,260726,1,1,0,0,0,1,1,137,0,4,10,2016,3,22,20,1,2,1,1,1,I-75,,65,44.94306389,-84.666713890000,0,34,0,0,1,1,0,4,2,10,0,10,0,0000000,22,33,22,43,99,99,0,0,0,1,1
26,260727,1,1,0,0,0,1,1,67,0,20,10,2016,5,17,52,0,2,4,98,3,SR-21 BLUEWATER HWY,,83,42.99214722,-85.027158330000,0,34,0,0,1,1,0,4,2,10,0,10,0,0000000,17,52,17,58,88,88,99,99,99,1,1
26,260728,2,2,0,0,0,2,2,163,4295,8,10,2016,7,5,39,1,2,3,98,6,MIDDLEBELT RD,,71,42.21976111,-83.327083330000,0,12,2,0,1,1,0,1,2,1,0,1,0,0000000,6,0,6,6,99,99,0,0,0,1,0
26,260729,1,1,0,1,1,1,1,17,3980,22,10,2016,7,19,34,0,1,4,98,3,SR-13 MARBLE ST,HORN ST,231,43.86045278,-83.966183330000,0,8,0,0,2,3,0,1,3,1,0,1,0,0000000,19,37,19,45,88,88,0,0,0,1,0
26,260730,2,2,0,0,0,2,2,5,0,21,10,2016,6,15,0,1,1,1,1,1,I-196,,159,42.63588889,-86.193341670000,0,12,1,0,1,1,1,1,1,1,0,1,0,0000000,15,0,15,10,88,88,3,0,0,1,0
26,260731,1,1,0,0,0,4,4,93,0,22,10,2016,7,10,9,0,2,4,98,4,CR-LATSON RD,,29,42.62082500,-83.875144440000,0,42,0,0,1,1,0,4,1,10,0,10,0,0000000,10,9,10,9,99,99,22,0,0,1,0
26,260732,2,2,0,0,0,2,2,125,2258,23,10,2016,1,20,17,1,2,3,98,3,SR-59 HIGHLAND RD,,57,42.65381389,-83.575708330000,0,12,6,0,8,1,0,1,3,10,0,10,0,0000000,20,18,20,24,99,99,0,0,0,1,0
26,260733,2,2,0,0,0,4,4,125,0,24,10,2016,2,20,29,0,2,5,98,4,CR-RAY RD,,7,42.84212778,-83.261530560000,0,12,1,0,1,1,0,1,2,1,0,1,0,0000000,20,31,20,35,99,99,23,0,0,2,0
26,260734,1,1,0,0,0,1,1,77,3727,7,10,2016,6,20,45,0,1,5,98,4,CR-ALMENA DR,,24,42.29148889,-85.723825000000,0,42,0,0,1,1,0,4,2,1,0,1,0,0000000,20,46,20,50,88,88,99,99,99,1,1
26,260735,2,2,0,0,0,5,5,49,0,8,10,2016,7,8,43,0,2,4,98,3,SR-15 N STATE RD,,131,43.05637778,-83.518008330000,0,12,2,0,1,1,0,1,1,1,0,1,0,0000000,8,43,8,49,99,99,99,99,99,1,0
26,260736,2,2,0,0,0,2,2,25,310,8,10,2016,7,12,56,0,2,5,98,6,MCCAMLY ST,VAN BUREN ST,12,42.32228056,-85.181986110000,0,12,6,0,2,2,0,1,1,1,0,1,0,0000000,99,99,99,99,88,88,99,99,99,1,0
26,260737,1,1,0,1,1,2,2,55,4880,23,10,2016,1,20,39,1,2,3,98,2,US-31 SR-37 DIVISION ST,13TH ST,139,44.75356111,-85.634916670000,0,8,0,0,3,3,0,1,3,2,0,2,0,0000000,20,39,20,44,99,99,0,0,0,1,0
26,260738,1,1,0,0,0,1,1,87,0,24,10,2016,2,21,12,0,2,7,98,4,CR-ANGLE RD,,3,43.08147778,-83.322219440000,0,42,0,0,1,1,0,4,2,1,0,1,0,0000000,21,12,21,15,99,99,0,0,0,1,1
26,260739,2,2,0,0,0,3,3,115,1340,9,10,2016,1,13,30,0,1,7,98,4,CR-DIXON RD,WELLS RD,41,41.93719167,-83.652272220000,0,12,6,0,2,2,0,1,1,1,0,1,0,0000000,13,36,13,50,88,88,0,0,0,1,0
26,260740,1,1,0,1,1,1,1,161,150,25,10,2016,3,7,19,0,2,4,98,6,FULLER RD,,19,42.27797222,-83.700816670000,0,8,0,0,16,1,0,1,2,1,0,1,0,0000000,7,21,7,24,99,99,0,0,0,1,0
26,260741,2,2,0,0,0,2,2,107,0,3,10,2016,2,13,15,0,1,4,98,3,SR-20 15 MILE RD,157TH AVE,29,43.68532222,-85.400247220000,0,12,6,0,2,2,0,1,1,1,0,1,0,0000000,13,19,13,32,99,99,0,0,0,1,0
26,260742,2,2,0,0,0,4,4,65,0,14,10,2016,6,7,56,0,1,5,98,4,CR-MORRICE RD,,5,42.69268056,-84.170713890000,0,12,6,0,8,1,0,1,1,1,0,1,0,0000000,7,56,8,10,99,99,0,0,0,1,0
26,260743,2,2,0,0,0,2,2,149,0,25,10,2016,3,14,57,0,2,4,98,4,CR-FAWN RIVER RD,WHITE SCHOOL RD,81,41.78118611,-85.447497220000,0,12,6,0,2,2,0,1,1,10,0,10,0,0000000,14,59,15,1,99,99,0,0,0,1,0
26,260744,2,2,0,0,0,2,2,21,0,7,10,2016,6,17,58,0,2,7,98,4,CR-LINCO RD,JERICHO RD,7,41.98547778,-86.523983330000,0,12,6,0,2,2,0,1,1,10,0,10,0,0000000,18,3,18,6,99,99,22,0,0,1,0
26,260745,1,1,0,1,1,1,1,81,2010,15,10,2016,7,21,48,1,2,3,98,3,SR-11 28TH ST,,127,42.91280278,-85.648197220000,0,8,0,0,1,1,0,1,2,1,0,1,0,0000000,21,48,21,53,88,88,99,99,99,1,0
26,260746,2,2,0,0,0,2,2,81,0,26,10,2016,4,16,14,0,1,5,98,4,CR-PINE ISLAND DR,OLIN LAKES DR,117,43.20867778,-85.641830560000,0,12,2,0,2,2,0,1,1,2,0,2,0,0000000,99,99,99,99,99,99,22,0,0,1,0
26,260747,1,1,0,1,1,1,1,115,0,23,10,2016,1,19,35,0,1,4,98,3,SR-50 CUSTER RD,,74,41.95136389,-83.632527780000,0,8,0,0,1,1,0,1,2,10,0,10,0,0000000,19,38,19,47,99,99,0,0,0,1,0
26,260748,2,2,0,0,0,2,2,23,0,15,10,2016,7,18,40,0,1,5,98,4,CR-SNOW PRAIRIE,,6,41.89246944,-85.117116670000,0,12,6,0,8,1,0,1,1,1,0,1,0,0000000,99,99,99,99,88,88,0,0,0,1,1
26,260749,1,1,0,1,1,2,2,91,0,24,10,2016,2,19,25,0,2,7,98,4,CR-AIRPORT RD,,12,41.88760833,-84.061611110000,0,9,0,0,1,1,0,1,5,1,0,1,0,0000000,19,27,19,34,99,99,0,0,0,1,0
26,260750,1,1,0,0,0,2,2,73,0,15,10,2016,7,1,45,0,1,7,98,4,CR-LINCOLN RD,,51,43.62678333,-84.808019440000,0,34,0,0,1,1,0,4,3,1,0,1,0,0000000,1,53,2,4,88,88,0,0,0,2,1
26,260751,1,1,0,0,0,1,1,9,0,21,10,2016,6,11,32,0,1,5,98,4,CR-EAST TORCH LAKE DR,,89,45.05654167,-85.318858330000,0,34,0,0,1,1,0,4,1,1,0,1,0,0000000,99,99,99,99,99,99,0,0,0,1,0
26,260752,1,1,0,1,1,1,1,163,4815,7,10,2016,6,15,53,0,2,5,98,6,MONROE RD,ECORSE RD,19,42.25603333,-83.250102780000,0,9,0,0,2,2,0,1,1,1,0,1,0,0000000,99,99,99,99,99,99,0,0,0,1,0
26,260753,1,1,0,0,0,1,1,163,1260,30,10,2016,1,11,42,1,2,1,1,1,I-96,,155,42.38205556,-83.147327780000,0,24,0,1,19,1,0,8,1,10,0,10,0,0000000,11,42,11,54,99,99,0,0,0,1,1
26,260754,2,2,0,0,0,4,4,125,4905,17,10,2016,2,17,34,0,2,4,98,6,LIVERNOIS AVE,E WATTLES RD,20,42.57729167,-83.148330560000,0,12,6,0,2,2,0,1,1,10,0,10,0,0000000,17,35,17,36,99,99,99,99,99,1,0
26,260755,3,3,0,1,1,5,5,163,1260,28,10,2016,6,22,15,0,2,4,98,6,PURITAN ST,,43,42.40985278,-83.143883330000,0,12,6,0,1,1,0,1,3,10,0,10,0,0000000,99,99,99,99,88,88,19,0,0,1,0
26,260756,2,2,0,0,0,2,2,115,0,17,10,2016,2,20,55,0,2,4,98,3,SR-125 S DIXIE HWY,,131,41.89586389,-83.415138890000,0,12,1,0,1,1,3,1,3,1,0,1,0,0000000,21,3,21,9,99,99,0,0,0,1,0
26,260757,1,1,0,0,0,1,1,139,0,19,10,2016,4,8,4,1,1,1,1,1,I-96,,77,43.07048611,-86.005866670000,0,42,0,0,1,1,0,5,1,5,0,5,0,0000000,8,4,8,10,88,88,0,0,0,1,0
26,260758,1,1,0,0,0,2,2,77,0,1,8,2016,2,2,19,0,1,4,98,3,SR-43 32ND ST,,79,42.40167500,-85.455130560000,0,42,0,0,1,1,0,4,2,1,0,1,0,0000000,2,19,2,22,99,99,0,0,0,1,0
26,260759,1,1,0,1,1,4,4,163,1260,20,10,2016,5,19,50,0,2,3,98,6,MCNICHOLS RD,,136,42.41433611,-83.283902780000,0,8,0,0,1,1,0,1,3,2,0,2,0,0000000,99,99,99,99,88,88,0,0,0,1,0
26,260760,1,1,0,0,0,4,4,143,0,20,10,2016,5,1,30,0,1,7,98,4,CR-W REILLY RD,,42,43.44815000,-84.285686110000,0,11,0,0,1,1,0,1,2,10,0,10,0,0000000,7,0,7,15,99,99,0,0,0,3,1
26,260761,1,1,0,1,1,1,1,49,1730,27,10,2016,5,18,50,0,2,7,98,6,E FLINT PARK BLVD,M L KING AVE,7,43.05595556,-83.704688890000,0,8,0,0,2,2,0,1,3,2,0,2,0,0000000,18,52,18,58,99,99,0,0,0,1,0
26,260762,1,1,0,0,0,7,7,49,686,31,10,2016,2,19,24,1,2,1,1,1,I-475,,29,42.96060556,-83.682569440000,0,1,0,0,1,1,0,3,2,1,0,1,0,0000000,19,26,19,30,99,99,0,0,0,1,0
26,260763,1,1,0,0,0,1,1,147,0,24,10,2016,2,7,31,1,2,1,1,1,I-94,,236,42.99009167,-82.463866670000,0,59,0,1,19,1,0,4,4,10,0,10,0,0000000,99,99,99,99,99,99,0,0,0,1,0
26,260764,1,1,0,1,1,2,2,125,4020,21,10,2016,6,19,10,1,2,3,98,2,US-24 TELEGRAPH RD,,26,42.63267222,-83.325550000000,0,8,0,0,1,1,0,1,3,1,0,1,0,0000000,99,99,99,99,88,88,0,0,0,1,1
26,260765,1,1,0,1,1,1,1,75,0,22,10,2016,7,11,14,0,1,5,98,4,CR-SEARS RD,,54,42.16742222,-84.542761110000,0,9,0,0,1,1,0,1,1,10,0,10,0,0000000,11,17,11,23,99,99,0,0,0,1,1
26,260767,1,1,0,1,1,2,2,163,1212,22,10,2016,7,19,54,1,2,3,98,6,W WARREN,DACOSTA,2,42.34175833,-83.257461110000,0,8,0,0,3,2,0,1,3,10,0,10,0,0000000,19,54,20,1,99,99,0,0,0,1,0
26,260768,1,1,0,1,1,1,1,163,1260,19,10,2016,4,0,47,1,2,1,1,1,I-94,,322,42.39210833,-82.998000000000,0,8,0,0,1,1,0,1,3,10,0,10,0,0000000,99,99,99,99,99,99,0,0,0,1,0
26,260769,2,2,0,0,0,2,2,109,2179,20,10,2016,5,20,25,1,1,3,98,2,US-27/41,,50,45.70511667,-87.419797220000,0,12,1,0,8,1,0,1,2,10,0,10,0,0000000,20,25,20,40,88,88,99,99,99,1,0
26,260770,1,1,0,0,0,1,1,31,0,16,9,2016,6,8,12,0,1,4,98,4,CR-STRAITS HWY,,8,45.41617778,-84.610913890000,0,42,0,0,1,1,0,4,1,1,0,1,0,0000000,99,99,99,99,99,99,0,0,0,1,0
26,260771,2,2,0,0,0,4,4,55,3105,21,10,2016,6,19,12,0,1,5,98,4,CR-633,,42,44.56981111,-85.696194440000,0,12,6,0,8,1,0,1,2,2,0,2,0,0000000,19,20,19,38,99,99,0,0,0,1,1
26,260772,2,2,0,0,0,3,3,49,0,23,10,2016,1,9,20,0,1,5,98,4,CR-W GRAND BLANC RD,,35,42.91280000,-83.859930560000,0,12,2,0,1,1,0,1,1,1,0,1,0,0000000,9,20,9,25,99,99,99,99,99,2,0
26,260773,1,1,0,0,0,1,1,77,3727,30,10,2016,1,1,15,0,2,7,98,4,CR-9TH ST,,19,42.32451667,-85.682133330000,0,59,0,0,1,1,0,4,2,2,0,2,0,0000000,8,54,9,0,88,88,99,99,99,1,1
26,260774,1,1,0,0,0,1,1,37,0,17,10,2016,2,19,17,1,1,2,98,2,US-127/PRICE RAMP 012C,,6,42.92874444,-84.521977780000,0,11,0,1,20,1,0,1,5,1,0,1,0,0000000,19,19,19,27,99,99,0,0,0,1,1
26,260775,2,2,0,0,0,2,2,99,3540,7,10,2016,6,11,10,0,2,4,98,3,SR-19 MAIN ST,GRATIOT AVE,43,42.72356389,-82.793869440000,0,12,6,0,2,2,0,1,1,1,0,1,0,0000000,11,11,11,15,99,99,0,0,0,1,0
26,260776,1,1,0,2,2,1,1,45,2000,26,10,2016,4,18,20,0,2,4,98,3,SR-100 BRIDGE ST,MAIN ST,97,42.75581944,-84.741863890000,0,8,0,0,3,2,0,1,5,2,0,2,0,0000000,99,99,99,99,99,99,99,99,99,1,0
26,260777,1,1,0,0,0,4,4,25,0,24,10,2016,2,13,14,0,1,5,98,4,CR-DIVISION DR,,70,42.24690000,-84.810025000000,0,42,0,0,1,1,0,4,1,10,0,10,0,0000000,13,14,13,24,99,99,0,0,0,1,1
26,260778,2,2,0,0,0,2,2,159,3850,12,10,2016,4,6,14,1,2,1,1,1,I-94,,175,42.20607222,-85.889822220000,0,12,7,1,5,1,0,1,2,10,0,10,0,0000000,99,99,99,99,88,88,99,99,99,1,0
26,260779,2,2,0,0,0,2,2,163,1260,24,10,2016,2,11,30,1,2,3,98,3,SR-96 GRAND RIVER,OAKMAN BLVD,67,42.37348333,-83.150672220000,0,12,2,0,2,2,0,1,1,1,0,1,0,0000000,99,99,99,99,99,99,99,99,99,1,0
26,260780,1,1,0,1,1,1,1,121,3450,2,9,2016,6,21,36,1,2,2,98,2,US-31,RAMP 009C,83,43.23665833,-86.204502780000,0,8,0,0,1,1,0,1,2,1,0,1,0,0000000,99,99,99,99,88,88,0,0,0,1,0
26,260781,2,2,0,0,0,2,2,99,4521,11,10,2016,3,12,7,0,2,4,98,4,CR-RYAN,,146,42.65832222,-83.073308330000,0,12,8,0,1,1,0,1,1,1,0,1,0,0000000,12,9,12,13,99,99,0,0,0,1,0
26,260782,2,2,0,1,1,2,2,87,0,16,10,2016,1,5,54,0,2,5,98,4,CR-CLARK RD,,43,43.03351111,-83.303416670000,0,8,0,0,1,1,0,1,2,1,0,1,0,0000000,99,99,99,99,99,99,14,0,0,1,0
26,260783,1,1,0,1,1,1,1,37,0,26,7,2016,3,6,46,0,2,7,98,4,CR-STOLL RD,,17,42.79879444,-84.610202780000,0,9,0,0,1,1,0,1,1,1,0,1,0,0000000,99,99,99,99,99,99,22,0,0,1,0
26,260784,4,4,0,0,0,4,4,99,170,25,9,2016,1,10,18,0,1,5,98,6,FULTON,,150,42.84308889,-82.884588890000,0,12,1,0,1,1,0,1,1,1,0,1,0,0000000,10,20,10,22,99,99,0,0,0,1,0
26,260785,2,2,0,0,0,4,4,49,0,16,10,2016,1,19,0,1,2,1,1,1,I-75,,238,43.16203611,-83.767702780000,0,54,11,0,1,1,0,1,5,1,0,1,0,0000000,99,99,99,99,88,88,14,0,0,1,0
26,260786,1,1,0,0,0,1,1,15,0,25,10,2016,3,3,5,0,1,4,98,3,SR-66 CLARK RD,,111,42.69326111,-85.095177780000,0,42,0,0,1,1,0,4,2,1,0,1,0,0000000,3,8,3,15,99,99,0,0,0,1,0
26,260787,2,2,0,0,0,5,5,19,0,1,11,2016,3,16,53,0,1,5,98,4,CR-HOMESTEAD RD,,76,44.61739722,-86.074672220000,0,12,2,0,1,1,0,1,1,1,0,1,0,0000000,16,56,17,6,99,99,0,0,0,2,0
26,260788,1,1,0,1,1,1,1,125,5113,23,10,2016,1,22,36,0,2,4,98,4,CR-AIRPORT RD,TUBBS RD,15,42.66714444,-83.406236110000,0,8,0,0,3,3,0,1,2,10,0,10,0,0000000,22,37,22,41,99,99,0,0,0,1,0
26,260789,1,1,0,1,1,1,1,125,5113,26,10,2016,4,20,21,1,2,3,98,4,CR-ELIZABETH LAKE RD,PRESTON RD,57,42.63966667,-83.339822220000,0,8,0,0,3,3,4,1,3,2,0,2,0,0000000,20,23,20,26,88,88,99,99,99,1,0
26,260790,2,2,0,0,0,4,4,155,0,26,10,2016,4,0,4,0,1,4,98,4,CR-S BYRON RD,E MILLER RD,35,42.86798056,-83.946825000000,0,12,6,0,2,2,0,1,2,5,0,5,0,0000000,99,99,99,99,99,99,0,0,0,2,1
26,260791,1,1,0,0,0,1,1,81,0,28,10,2016,6,15,15,0,2,5,98,4,CR-CHERRY VALLEY AVE SE,,38,42.82395278,-85.507455560000,0,42,0,0,1,1,0,4,1,10,0,10,0,0000000,15,19,15,34,88,88,99,99,99,1,0
26,260792,1,1,0,0,0,1,1,75,4648,29,10,2016,7,1,40,0,1,7,98,4,CR-HARRINGTON RD,,9,42.24660556,-84.571680560000,0,42,0,0,1,1,0,4,2,1,0,1,0,0000000,1,50,1,59,88,88,99,99,99,1,1
26,260793,1,1,0,1,1,1,1,163,5176,29,10,2016,7,18,58,1,2,3,98,6,S WAYNE RD,,77,42.29894444,-83.388261110000,0,8,0,0,1,1,0,1,3,10,0,10,0,0000000,18,58,19,2,99,99,0,0,0,1,0
26,260794,2,2,0,0,0,3,3,163,1260,30,10,2016,1,4,20,0,2,4,98,6,LAHSER RD,PEMBROKE AVE,38,42.43634444,-83.258580560000,0,12,6,0,2,2,0,1,3,1,0,1,0,0000000,99,99,99,99,99,99,99,99,99,1,1
26,260795,2,2,0,0,0,4,4,25,3014,2,11,2016,4,12,16,0,1,5,98,4,CR-PARTELLO RD,20 MILE RD,56,42.29726667,-84.907058330000,0,12,6,0,2,2,0,1,1,10,0,10,0,0000000,12,16,12,31,99,99,0,0,0,1,1
26,260796,2,2,0,0,0,3,3,23,0,28,10,2016,6,18,43,0,1,5,98,4,CR-CENTENNIAL RD,,30,41.88724722,-84.980458330000,0,12,2,0,1,1,0,1,1,10,0,10,0,0000000,99,99,99,99,99,99,99,99,99,1,0
26,260797,2,2,0,0,0,7,7,25,310,22,10,2016,7,17,55,1,2,3,98,3,SR-66 NE CAPITAL AVE,NE UNION ST,8,42.32352778,-85.167561110000,0,12,6,0,2,2,0,1,1,1,0,1,0,0000000,17,56,17,59,99,99,0,0,0,1,0
26,260798,1,1,0,1,1,1,1,77,2520,2,11,2016,4,20,5,1,2,3,98,3,SR-43,,64,42.29625556,-85.641494440000,0,8,0,0,1,1,0,1,3,2,0,2,0,0000000,99,99,99,99,99,99,99,99,99,1,0
26,260799,1,1,0,1,1,1,1,77,2520,3,11,2016,5,12,34,0,2,4,98,6,BURDICK RD,MILLVIEW AVE,1,42.26801389,-85.581402780000,0,9,0,0,2,3,0,1,1,1,0,1,0,0000000,99,99,99,99,88,88,0,0,0,1,0
26,260801,2,2,0,0,0,2,2,81,5089,17,10,2016,2,8,47,0,2,4,98,6,TURNER AVE NW,,30,43.00386389,-85.678661110000,0,54,11,0,1,1,0,1,1,10,0,10,0,0000000,8,52,8,57,99,99,14,0,0,1,0